cutoff,accuracy_bayes,f1_macro_bayes
2019,0.2936624775583483,0.21071699317688736
