cutoff,accuracy_freq,f1_macro_freq
2019,0.3664991023339318,0.341842465897532
